{
  "generationParameters": {
    "generationDate": "Sat Aug 09 2025 08:56:40 GMT-0300 (Brasilia Standard Time)",
    "generatorPlatform": "Visual Studio Code",
    "serviceType": "None",
    "metadataFilename": "",
    "serviceUrl": "N/A",
    "appName": "frota",
    "appTitle": "Gestão de Frota",
    "appDescription": "Aplicação Fiori para Gerenciamento de Frota",
    "appNamespace": "com.skysinc.frota",
    "ui5Theme": "sap_horizon",
    "ui5Version": "1.139.0",
    "enableCodeAssist": false,
    "enableEslint": false,
    "enableTypeScript": false,
    "showMockDataInfo": false,
    "generatorVersion": "1.18.4",
    "template": "Basic",
    "generatorName": "SAP Fiori Application Generator",
    "entityRelatedConfig": [],
    "launchText": "To launch the generated application, run the following from the generated application root folder:\n\n```\n    npm start\n```"
  }
}
