{
  "abastecimentosPorVeiculo": {
    "20010035": [
      {
        "data": "2025-09-08",
        "hora": "15:51:00",
        "km": 366915.0,
        "litros": 26.96,
        "hr": 0.0,
        "precoLitro": 5.24,
        "comboio": "Posto de Combustível",
        "sequencia": 1,
        "idEvento": "A-202509-000001"
      }
    ],
    "20010036": [
      {
        "data": "2025-09-12",
        "hora": "10:19:00",
        "km": 346263.0,
        "litros": 46.95,
        "hr": 0.0,
        "precoLitro": 5.24,
        "comboio": "Posto de Combustível",
        "sequencia": 2,
        "idEvento": "A-202509-000002"
      }
    ],
    "20010042": [
      {
        "data": "2025-09-03",
        "hora": "08:13:00",
        "km": 304679.0,
        "litros": 50.0,
        "hr": 0.0,
        "precoLitro": 5.24,
        "comboio": "Posto de Combustível",
        "sequencia": 3,
        "idEvento": "A-202509-000003"
      },
      {
        "data": "2025-09-06",
        "hora": "16:21:00",
        "km": 305017.0,
        "litros": 47.0,
        "hr": 0.0,
        "precoLitro": 5.24,
        "comboio": "Comboio 1",
        "sequencia": 4,
        "idEvento": "A-202509-000004"
      },
      {
        "data": "2025-09-11",
        "hora": "15:19:00",
        "km": 305452.0,
        "litros": 56.02,
        "hr": 0.0,
        "precoLitro": 5.24,
        "comboio": "Posto de Combustível",
        "sequencia": 5,
        "idEvento": "A-202509-000005"
      }
    ],
    "20010043": [
      {
        "data": "2025-09-01",
        "hora": "16:57:00",
        "km": 238902.0,
        "litros": 33.43,
        "hr": 0.0,
        "precoLitro": 5.24,
        "comboio": "Posto de Combustível",
        "sequencia": 6,
        "idEvento": "A-202509-000006"
      },
      {
        "data": "2025-09-04",
        "hora": "16:43:00",
        "km": 239086.0,
        "litros": 24.93,
        "hr": 0.0,
        "precoLitro": 5.24,
        "comboio": "Posto de Combustível",
        "sequencia": 7,
        "idEvento": "A-202509-000007"
      },
      {
        "data": "2025-09-06",
        "hora": "10:36:00",
        "km": 239337.0,
        "litros": 20.01,
        "hr": 0.0,
        "precoLitro": 5.24,
        "comboio": "Posto de Combustível",
        "sequencia": 8,
        "idEvento": "A-202509-000008"
      },
      {
        "data": "2025-09-09",
        "hora": "08:15:00",
        "km": 239500.0,
        "litros": 26.84,
        "hr": 0.0,
        "precoLitro": 5.24,
        "comboio": "Posto de Combustível",
        "sequencia": 9,
        "idEvento": "A-202509-000009"
      },
      {
        "data": "2025-09-10",
        "hora": "16:44:00",
        "km": 239640.0,
        "litros": 24.06,
        "hr": 0.0,
        "precoLitro": 5.24,
        "comboio": "Posto de Combustível",
        "sequencia": 10,
        "idEvento": "A-202509-000010"
      },
      {
        "data": "2025-09-12",
        "hora": "16:30:00",
        "km": 239852.0,
        "litros": 25.55,
        "hr": 0.0,
        "precoLitro": 5.24,
        "comboio": "Posto de Combustível",
        "sequencia": 11,
        "idEvento": "A-202509-000011"
      }
    ],
    "20010046": [
      {
        "data": "2025-09-03",
        "hora": "15:48:00",
        "km": 211607.0,
        "litros": 24.38,
        "hr": 0.0,
        "precoLitro": 5.24,
        "comboio": "Posto de Combustível",
        "sequencia": 12,
        "idEvento": "A-202509-000012"
      },
      {
        "data": "2025-09-06",
        "hora": "08:52:00",
        "km": 211832.0,
        "litros": 29.96,
        "hr": 0.0,
        "precoLitro": 5.24,
        "comboio": "Posto de Combustível",
        "sequencia": 13,
        "idEvento": "A-202509-000013"
      },
      {
        "data": "2025-09-12",
        "hora": "08:45:00",
        "km": 212053.0,
        "litros": 28.97,
        "hr": 0.0,
        "precoLitro": 5.24,
        "comboio": "Posto de Combustível",
        "sequencia": 14,
        "idEvento": "A-202509-000014"
      }
    ],
    "20010048": [
      {
        "data": "2025-09-01",
        "hora": "16:39:00",
        "km": 228072.0,
        "litros": 25.59,
        "hr": 0.0,
        "precoLitro": 5.24,
        "comboio": "Posto de Combustível",
        "sequencia": 15,
        "idEvento": "A-202509-000015"
      },
      {
        "data": "2025-09-04",
        "hora": "15:14:00",
        "km": 228298.0,
        "litros": 30.0,
        "hr": 0.0,
        "precoLitro": 5.24,
        "comboio": "Posto de Combustível",
        "sequencia": 16,
        "idEvento": "A-202509-000016"
      },
      {
        "data": "2025-09-06",
        "hora": "10:19:00",
        "km": 228566.0,
        "litros": 31.03,
        "hr": 0.0,
        "precoLitro": 5.24,
        "comboio": "Posto de Combustível",
        "sequencia": 17,
        "idEvento": "A-202509-000017"
      },
      {
        "data": "2025-09-09",
        "hora": "16:20:00",
        "km": 228792.0,
        "litros": 36.71,
        "hr": 0.0,
        "precoLitro": 5.24,
        "comboio": "Posto de Combustível",
        "sequencia": 18,
        "idEvento": "A-202509-000018"
      },
      {
        "data": "2025-09-11",
        "hora": "16:15:00",
        "km": 228966.0,
        "litros": 19.16,
        "hr": 0.0,
        "precoLitro": 5.24,
        "comboio": "Posto de Combustível",
        "sequencia": 19,
        "idEvento": "A-202509-000019"
      },
      {
        "data": "2025-09-13",
        "hora": "15:03:00",
        "km": 229182.0,
        "litros": 24.0,
        "hr": 0.0,
        "precoLitro": 5.24,
        "comboio": "Comboio 5",
        "sequencia": 20,
        "idEvento": "A-202509-000020"
      }
    ],
    "20010049": [
      {
        "data": "2025-09-01",
        "hora": "16:43:00",
        "km": 153027.0,
        "litros": 17.56,
        "hr": 0.0,
        "precoLitro": 5.24,
        "comboio": "Posto de Combustível",
        "sequencia": 21,
        "idEvento": "A-202509-000021"
      },
      {
        "data": "2025-09-03",
        "hora": "15:14:00",
        "km": 153202.0,
        "litros": 20.62,
        "hr": 0.0,
        "precoLitro": 5.24,
        "comboio": "Posto de Combustível",
        "sequencia": 22,
        "idEvento": "A-202509-000022"
      },
      {
        "data": "2025-09-05",
        "hora": "16:12:00",
        "km": 153355.0,
        "litros": 20.55,
        "hr": 0.0,
        "precoLitro": 5.24,
        "comboio": "Posto de Combustível",
        "sequencia": 23,
        "idEvento": "A-202509-000023"
      },
      {
        "data": "2025-09-08",
        "hora": "15:17:00",
        "km": 153462.0,
        "litros": 13.34,
        "hr": 0.0,
        "precoLitro": 5.24,
        "comboio": "Posto de Combustível",
        "sequencia": 24,
        "idEvento": "A-202509-000024"
      },
      {
        "data": "2025-09-11",
        "hora": "16:14:00",
        "km": 153672.0,
        "litros": 24.47,
        "hr": 0.0,
        "precoLitro": 5.24,
        "comboio": "Posto de Combustível",
        "sequencia": 25,
        "idEvento": "A-202509-000025"
      }
    ],
    "20010052": [
      {
        "data": "2025-09-01",
        "hora": "10:14:00",
        "km": 186789.0,
        "litros": 26.41,
        "hr": 0.0,
        "precoLitro": 5.24,
        "comboio": "Posto de Combustível",
        "sequencia": 26,
        "idEvento": "A-202509-000026"
      },
      {
        "data": "2025-09-03",
        "hora": "10:29:00",
        "km": 186926.0,
        "litros": 18.77,
        "hr": 0.0,
        "precoLitro": 5.24,
        "comboio": "Posto de Combustível",
        "sequencia": 27,
        "idEvento": "A-202509-000027"
      },
      {
        "data": "2025-09-05",
        "hora": "16:13:00",
        "km": 187151.0,
        "litros": 29.25,
        "hr": 0.0,
        "precoLitro": 5.24,
        "comboio": "Posto de Combustível",
        "sequencia": 28,
        "idEvento": "A-202509-000028"
      },
      {
        "data": "2025-09-06",
        "hora": "09:08:00",
        "km": 187226.0,
        "litros": 9.71,
        "hr": 0.0,
        "precoLitro": 5.24,
        "comboio": "Posto de Combustível",
        "sequencia": 29,
        "idEvento": "A-202509-000029"
      },
      {
        "data": "2025-09-08",
        "hora": "15:16:00",
        "km": 187441.0,
        "litros": 29.86,
        "hr": 0.0,
        "precoLitro": 5.24,
        "comboio": "Posto de Combustível",
        "sequencia": 30,
        "idEvento": "A-202509-000030"
      },
      {
        "data": "2025-09-12",
        "hora": "15:55:00",
        "km": 187576.0,
        "litros": 19.56,
        "hr": 0.0,
        "precoLitro": 5.24,
        "comboio": "Posto de Combustível",
        "sequencia": 31,
        "idEvento": "A-202509-000031"
      }
    ],
    "20010053": [
      {
        "data": "2025-09-02",
        "hora": "16:38:00",
        "km": 161169.0,
        "litros": 25.21,
        "hr": 0.0,
        "precoLitro": 5.24,
        "comboio": "Posto de Combustível",
        "sequencia": 32,
        "idEvento": "A-202509-000032"
      },
      {
        "data": "2025-09-03",
        "hora": "16:51:00",
        "km": 161370.0,
        "litros": 24.17,
        "hr": 0.0,
        "precoLitro": 5.24,
        "comboio": "Posto de Combustível",
        "sequencia": 33,
        "idEvento": "A-202509-000033"
      },
      {
        "data": "2025-09-04",
        "hora": "16:07:00",
        "km": 161507.0,
        "litros": 22.45,
        "hr": 0.0,
        "precoLitro": 5.24,
        "comboio": "Posto de Combustível",
        "sequencia": 34,
        "idEvento": "A-202509-000034"
      },
      {
        "data": "2025-09-05",
        "hora": "16:23:00",
        "km": 161648.0,
        "litros": 23.13,
        "hr": 0.0,
        "precoLitro": 5.24,
        "comboio": "Posto de Combustível",
        "sequencia": 35,
        "idEvento": "A-202509-000035"
      },
      {
        "data": "2025-09-06",
        "hora": "10:15:00",
        "km": 161722.0,
        "litros": 10.0,
        "hr": 0.0,
        "precoLitro": 5.24,
        "comboio": "Posto de Combustível",
        "sequencia": 36,
        "idEvento": "A-202509-000036"
      },
      {
        "data": "2025-09-08",
        "hora": "15:15:00",
        "km": 161953.0,
        "litros": 30.34,
        "hr": 0.0,
        "precoLitro": 5.24,
        "comboio": "Posto de Combustível",
        "sequencia": 37,
        "idEvento": "A-202509-000037"
      },
      {
        "data": "2025-09-09",
        "hora": "16:21:00",
        "km": 162165.0,
        "litros": 30.57,
        "hr": 0.0,
        "precoLitro": 5.24,
        "comboio": "Posto de Combustível",
        "sequencia": 38,
        "idEvento": "A-202509-000038"
      },
      {
        "data": "2025-09-10",
        "hora": "16:32:00",
        "km": 162305.0,
        "litros": 19.37,
        "hr": 0.0,
        "precoLitro": 5.24,
        "comboio": "Posto de Combustível",
        "sequencia": 39,
        "idEvento": "A-202509-000039"
      },
      {
        "data": "2025-09-12",
        "hora": "15:55:00",
        "km": 162535.0,
        "litros": 29.82,
        "hr": 0.0,
        "precoLitro": 5.24,
        "comboio": "Posto de Combustível",
        "sequencia": 40,
        "idEvento": "A-202509-000040"
      }
    ],
    "20010054": [
      {
        "data": "2025-09-02",
        "hora": "16:37:00",
        "km": 104195.0,
        "litros": 22.52,
        "hr": 0.0,
        "precoLitro": 5.24,
        "comboio": "Posto de Combustível",
        "sequencia": 41,
        "idEvento": "A-202509-000041"
      },
      {
        "data": "2025-09-04",
        "hora": "10:46:00",
        "km": 104356.0,
        "litros": 23.11,
        "hr": 0.0,
        "precoLitro": 5.24,
        "comboio": "Posto de Combustível",
        "sequencia": 42,
        "idEvento": "A-202509-000042"
      },
      {
        "data": "2025-09-06",
        "hora": "09:08:00",
        "km": 104496.0,
        "litros": 21.39,
        "hr": 0.0,
        "precoLitro": 5.24,
        "comboio": "Posto de Combustível",
        "sequencia": 43,
        "idEvento": "A-202509-000043"
      },
      {
        "data": "2025-09-09",
        "hora": "16:49:00",
        "km": 104653.0,
        "litros": 26.38,
        "hr": 0.0,
        "precoLitro": 5.24,
        "comboio": "Posto de Combustível",
        "sequencia": 44,
        "idEvento": "A-202509-000044"
      },
      {
        "data": "2025-09-13",
        "hora": "10:01:00",
        "km": 104782.0,
        "litros": 23.16,
        "hr": 0.0,
        "precoLitro": 5.24,
        "comboio": "Posto de Combustível",
        "sequencia": 45,
        "idEvento": "A-202509-000045"
      }
    ],
    "20010055": [
      {
        "data": "2025-09-01",
        "hora": "10:02:00",
        "km": 146810.0,
        "litros": 26.54,
        "hr": 0.0,
        "precoLitro": 5.24,
        "comboio": "Posto de Combustível",
        "sequencia": 46,
        "idEvento": "A-202509-000046"
      },
      {
        "data": "2025-09-04",
        "hora": "21:00:00",
        "km": 147204.0,
        "litros": 60.0,
        "hr": 0.0,
        "precoLitro": 5.24,
        "comboio": "Comboio 1",
        "sequencia": 47,
        "idEvento": "A-202509-000047"
      },
      {
        "data": "2025-09-10",
        "hora": "08:33:00",
        "km": 147514.0,
        "litros": 46.77,
        "hr": 0.0,
        "precoLitro": 5.24,
        "comboio": "Posto de Combustível",
        "sequencia": 48,
        "idEvento": "A-202509-000048"
      }
    ],
    "20010056": [
      {
        "data": "2025-09-01",
        "hora": "13:38:00",
        "km": 227620.0,
        "litros": 40.27,
        "hr": 0.0,
        "precoLitro": 5.24,
        "comboio": "Posto de Combustível",
        "sequencia": 49,
        "idEvento": "A-202509-000049"
      },
      {
        "data": "2025-09-02",
        "hora": "15:10:00",
        "km": 227901.0,
        "litros": 34.1,
        "hr": 0.0,
        "precoLitro": 5.24,
        "comboio": "Posto de Combustível",
        "sequencia": 50,
        "idEvento": "A-202509-000050"
      },
      {
        "data": "2025-09-03",
        "hora": "15:47:00",
        "km": 228189.0,
        "litros": 36.02,
        "hr": 0.0,
        "precoLitro": 5.24,
        "comboio": "Posto de Combustível",
        "sequencia": 51,
        "idEvento": "A-202509-000051"
      },
      {
        "data": "2025-09-05",
        "hora": "09:32:00",
        "km": 228573.0,
        "litros": 46.52,
        "hr": 0.0,
        "precoLitro": 5.24,
        "comboio": "Posto de Combustível",
        "sequencia": 52,
        "idEvento": "A-202509-000052"
      },
      {
        "data": "2025-09-06",
        "hora": "09:32:00",
        "km": 228814.0,
        "litros": 26.63,
        "hr": 0.0,
        "precoLitro": 5.24,
        "comboio": "Posto de Combustível",
        "sequencia": 53,
        "idEvento": "A-202509-000053"
      },
      {
        "data": "2025-09-09",
        "hora": "08:16:00",
        "km": 229273.0,
        "litros": 61.02,
        "hr": 0.0,
        "precoLitro": 5.24,
        "comboio": "Posto de Combustível",
        "sequencia": 54,
        "idEvento": "A-202509-000054"
      },
      {
        "data": "2025-09-11",
        "hora": "08:47:00",
        "km": 229424.0,
        "litros": 18.78,
        "hr": 0.0,
        "precoLitro": 5.24,
        "comboio": "Posto de Combustível",
        "sequencia": 55,
        "idEvento": "A-202509-000055"
      },
      {
        "data": "2025-09-12",
        "hora": "15:05:00",
        "km": 229595.0,
        "litros": 22.8,
        "hr": 0.0,
        "precoLitro": 5.24,
        "comboio": "Posto de Combustível",
        "sequencia": 56,
        "idEvento": "A-202509-000056"
      },
      {
        "data": "2025-09-13",
        "hora": "08:54:00",
        "km": 229796.0,
        "litros": 24.15,
        "hr": 0.0,
        "precoLitro": 5.24,
        "comboio": "Posto de Combustível",
        "sequencia": 57,
        "idEvento": "A-202509-000057"
      }
    ],
    "20010057": [
      {
        "data": "2025-09-01",
        "hora": "09:16:00",
        "km": 83067.0,
        "litros": 20.07,
        "hr": 0.0,
        "precoLitro": 5.24,
        "comboio": "Posto de Combustível",
        "sequencia": 58,
        "idEvento": "A-202509-000058"
      },
      {
        "data": "2025-09-05",
        "hora": "09:34:00",
        "km": 83507.0,
        "litros": 42.04,
        "hr": 0.0,
        "precoLitro": 5.24,
        "comboio": "Posto de Combustível",
        "sequencia": 59,
        "idEvento": "A-202509-000059"
      },
      {
        "data": "2025-09-06",
        "hora": "09:30:00",
        "km": 83603.0,
        "litros": 14.25,
        "hr": 0.0,
        "precoLitro": 5.24,
        "comboio": "Posto de Combustível",
        "sequencia": 60,
        "idEvento": "A-202509-000060"
      },
      {
        "data": "2025-09-10",
        "hora": "08:32:00",
        "km": 83870.0,
        "litros": 36.53,
        "hr": 0.0,
        "precoLitro": 5.24,
        "comboio": "Posto de Combustível",
        "sequencia": 61,
        "idEvento": "A-202509-000061"
      },
      {
        "data": "2025-09-13",
        "hora": "10:40:00",
        "km": 84155.0,
        "litros": 38.0,
        "hr": 0.0,
        "precoLitro": 5.24,
        "comboio": "Posto de Combustível",
        "sequencia": 62,
        "idEvento": "A-202509-000062"
      }
    ],
    "20010058": [
      {
        "data": "2025-09-01",
        "hora": "16:46:00",
        "km": 125034.0,
        "litros": 45.82,
        "hr": 0.0,
        "precoLitro": 5.24,
        "comboio": "Posto de Combustível",
        "sequencia": 63,
        "idEvento": "A-202509-000063"
      },
      {
        "data": "2025-09-04",
        "hora": "15:14:00",
        "km": 125384.0,
        "litros": 40.86,
        "hr": 0.0,
        "precoLitro": 5.24,
        "comboio": "Posto de Combustível",
        "sequencia": 64,
        "idEvento": "A-202509-000064"
      },
      {
        "data": "2025-09-06",
        "hora": "09:06:00",
        "km": 125607.0,
        "litros": 27.13,
        "hr": 0.0,
        "precoLitro": 5.24,
        "comboio": "Posto de Combustível",
        "sequencia": 65,
        "idEvento": "A-202509-000065"
      },
      {
        "data": "2025-09-08",
        "hora": "09:39:00",
        "km": 126048.0,
        "litros": 42.77,
        "hr": 0.0,
        "precoLitro": 5.24,
        "comboio": "Posto de Combustível",
        "sequencia": 66,
        "idEvento": "A-202509-000066"
      },
      {
        "data": "2025-09-09",
        "hora": "09:37:00",
        "km": 126185.0,
        "litros": 17.4,
        "hr": 0.0,
        "precoLitro": 5.24,
        "comboio": "Posto de Combustível",
        "sequencia": 67,
        "idEvento": "A-202509-000067"
      },
      {
        "data": "2025-09-12",
        "hora": "15:07:00",
        "km": 126529.0,
        "litros": 43.02,
        "hr": 0.0,
        "precoLitro": 5.24,
        "comboio": "Posto de Combustível",
        "sequencia": 68,
        "idEvento": "A-202509-000068"
      }
    ],
    "20010059": [
      {
        "data": "2025-09-02",
        "hora": "10:20:00",
        "km": 77666.0,
        "litros": 27.22,
        "hr": 0.0,
        "precoLitro": 5.24,
        "comboio": "Posto de Combustível",
        "sequencia": 69,
        "idEvento": "A-202509-000069"
      },
      {
        "data": "2025-09-04",
        "hora": "08:44:00",
        "km": 77903.0,
        "litros": 25.74,
        "hr": 0.0,
        "precoLitro": 5.24,
        "comboio": "Posto de Combustível",
        "sequencia": 70,
        "idEvento": "A-202509-000070"
      },
      {
        "data": "2025-09-06",
        "hora": "09:09:00",
        "km": 78151.0,
        "litros": 29.09,
        "hr": 0.0,
        "precoLitro": 5.24,
        "comboio": "Posto de Combustível",
        "sequencia": 71,
        "idEvento": "A-202509-000071"
      },
      {
        "data": "2025-09-09",
        "hora": "16:01:00",
        "km": 78393.0,
        "litros": 30.6,
        "hr": 0.0,
        "precoLitro": 5.24,
        "comboio": "Posto de Combustível",
        "sequencia": 72,
        "idEvento": "A-202509-000072"
      },
      {
        "data": "2025-09-11",
        "hora": "10:02:00",
        "km": 78555.0,
        "litros": 19.8,
        "hr": 0.0,
        "precoLitro": 5.24,
        "comboio": "Posto de Combustível",
        "sequencia": 73,
        "idEvento": "A-202509-000073"
      },
      {
        "data": "2025-09-12",
        "hora": "09:09:00",
        "km": 78746.0,
        "litros": 20.97,
        "hr": 0.0,
        "precoLitro": 5.24,
        "comboio": "Posto de Combustível",
        "sequencia": 74,
        "idEvento": "A-202509-000074"
      },
      {
        "data": "2025-09-13",
        "hora": "10:01:00",
        "km": 78918.0,
        "litros": 18.39,
        "hr": 0.0,
        "precoLitro": 5.24,
        "comboio": "Posto de Combustível",
        "sequencia": 75,
        "idEvento": "A-202509-000075"
      }
    ],
    "20010060": [
      {
        "data": "2025-09-01",
        "hora": "10:13:00",
        "km": 101494.0,
        "litros": 28.71,
        "hr": 0.0,
        "precoLitro": 5.24,
        "comboio": "Posto de Combustível",
        "sequencia": 76,
        "idEvento": "A-202509-000076"
      },
      {
        "data": "2025-09-01",
        "hora": "16:44:00",
        "km": 101597.0,
        "litros": 14.24,
        "hr": 0.0,
        "precoLitro": 5.24,
        "comboio": "Posto de Combustível",
        "sequencia": 77,
        "idEvento": "A-202509-000077"
      },
      {
        "data": "2025-09-02",
        "hora": "16:29:00",
        "km": 101710.0,
        "litros": 17.73,
        "hr": 0.0,
        "precoLitro": 5.24,
        "comboio": "Posto de Combustível",
        "sequencia": 78,
        "idEvento": "A-202509-000078"
      },
      {
        "data": "2025-09-03",
        "hora": "16:34:00",
        "km": 101868.0,
        "litros": 22.06,
        "hr": 0.0,
        "precoLitro": 5.24,
        "comboio": "Posto de Combustível",
        "sequencia": 79,
        "idEvento": "A-202509-000079"
      },
      {
        "data": "2025-09-04",
        "hora": "14:19:00",
        "km": 101979.0,
        "litros": 15.46,
        "hr": 0.0,
        "precoLitro": 5.24,
        "comboio": "Posto de Combustível",
        "sequencia": 80,
        "idEvento": "A-202509-000080"
      },
      {
        "data": "2025-09-05",
        "hora": "08:41:00",
        "km": 102027.0,
        "litros": 7.77,
        "hr": 0.0,
        "precoLitro": 5.24,
        "comboio": "Posto de Combustível",
        "sequencia": 81,
        "idEvento": "A-202509-000081"
      },
      {
        "data": "2025-09-08",
        "hora": "15:15:00",
        "km": 102221.0,
        "litros": 28.33,
        "hr": 0.0,
        "precoLitro": 5.24,
        "comboio": "Posto de Combustível",
        "sequencia": 82,
        "idEvento": "A-202509-000082"
      },
      {
        "data": "2025-09-08",
        "hora": "16:32:00",
        "km": 102306.0,
        "litros": 11.11,
        "hr": 0.0,
        "precoLitro": 5.24,
        "comboio": "Posto de Combustível",
        "sequencia": 83,
        "idEvento": "A-202509-000083"
      },
      {
        "data": "2025-09-09",
        "hora": "16:22:00",
        "km": 102434.0,
        "litros": 18.03,
        "hr": 0.0,
        "precoLitro": 5.24,
        "comboio": "Posto de Combustível",
        "sequencia": 84,
        "idEvento": "A-202509-000084"
      },
      {
        "data": "2025-09-10",
        "hora": "15:07:00",
        "km": 102514.0,
        "litros": 14.21,
        "hr": 0.0,
        "precoLitro": 5.24,
        "comboio": "Posto de Combustível",
        "sequencia": 85,
        "idEvento": "A-202509-000085"
      },
      {
        "data": "2025-09-12",
        "hora": "10:11:00",
        "km": 102744.0,
        "litros": 29.86,
        "hr": 0.0,
        "precoLitro": 5.24,
        "comboio": "Posto de Combustível",
        "sequencia": 86,
        "idEvento": "A-202509-000086"
      }
    ],
    "20010061": [
      {
        "data": "2025-09-01",
        "hora": "16:38:00",
        "km": 56796.0,
        "litros": 31.91,
        "hr": 0.0,
        "precoLitro": 5.24,
        "comboio": "Posto de Combustível",
        "sequencia": 87,
        "idEvento": "A-202509-000087"
      },
      {
        "data": "2025-09-04",
        "hora": "10:34:00",
        "km": 56924.0,
        "litros": 13.85,
        "hr": 0.0,
        "precoLitro": 5.24,
        "comboio": "Posto de Combustível",
        "sequencia": 88,
        "idEvento": "A-202509-000088"
      },
      {
        "data": "2025-09-05",
        "hora": "08:35:00",
        "km": 57270.0,
        "litros": 34.02,
        "hr": 0.0,
        "precoLitro": 5.24,
        "comboio": "Posto de Combustível",
        "sequencia": 89,
        "idEvento": "A-202509-000089"
      },
      {
        "data": "2025-09-06",
        "hora": "08:53:00",
        "km": 57772.0,
        "litros": 37.2,
        "hr": 0.0,
        "precoLitro": 5.24,
        "comboio": "Posto de Combustível",
        "sequencia": 90,
        "idEvento": "A-202509-000090"
      },
      {
        "data": "2025-09-08",
        "hora": "08:21:00",
        "km": 57979.0,
        "litros": 18.26,
        "hr": 0.0,
        "precoLitro": 5.24,
        "comboio": "Posto de Combustível",
        "sequencia": 91,
        "idEvento": "A-202509-000091"
      },
      {
        "data": "2025-09-09",
        "hora": "15:30:00",
        "km": 58367.0,
        "litros": 35.91,
        "hr": 0.0,
        "precoLitro": 5.24,
        "comboio": "Posto de Combustível",
        "sequencia": 92,
        "idEvento": "A-202509-000092"
      },
      {
        "data": "2025-09-10",
        "hora": "16:56:00",
        "km": 58587.0,
        "litros": 19.45,
        "hr": 0.0,
        "precoLitro": 5.24,
        "comboio": "Posto de Combustível",
        "sequencia": 93,
        "idEvento": "A-202509-000093"
      },
      {
        "data": "2025-09-12",
        "hora": "15:07:00",
        "km": 58853.0,
        "litros": 27.43,
        "hr": 0.0,
        "precoLitro": 5.24,
        "comboio": "Posto de Combustível",
        "sequencia": 94,
        "idEvento": "A-202509-000094"
      }
    ],
    "20010062": [
      {
        "data": "2025-09-01",
        "hora": "10:14:00",
        "km": 44852.0,
        "litros": 17.8,
        "hr": 0.0,
        "precoLitro": 5.24,
        "comboio": "Posto de Combustível",
        "sequencia": 95,
        "idEvento": "A-202509-000095"
      },
      {
        "data": "2025-09-03",
        "hora": "15:15:00",
        "km": 45050.0,
        "litros": 22.02,
        "hr": 0.0,
        "precoLitro": 5.24,
        "comboio": "Posto de Combustível",
        "sequencia": 96,
        "idEvento": "A-202509-000096"
      },
      {
        "data": "2025-09-05",
        "hora": "13:51:00",
        "km": 45236.0,
        "litros": 21.43,
        "hr": 0.0,
        "precoLitro": 5.24,
        "comboio": "Posto de Combustível",
        "sequencia": 97,
        "idEvento": "A-202509-000097"
      },
      {
        "data": "2025-09-06",
        "hora": "10:20:00",
        "km": 45341.0,
        "litros": 12.11,
        "hr": 0.0,
        "precoLitro": 5.24,
        "comboio": "Posto de Combustível",
        "sequencia": 98,
        "idEvento": "A-202509-000098"
      },
      {
        "data": "2025-09-09",
        "hora": "13:37:00",
        "km": 45574.0,
        "litros": 26.22,
        "hr": 0.0,
        "precoLitro": 5.24,
        "comboio": "Posto de Combustível",
        "sequencia": 99,
        "idEvento": "A-202509-000099"
      },
      {
        "data": "2025-09-11",
        "hora": "16:40:00",
        "km": 45792.0,
        "litros": 25.58,
        "hr": 0.0,
        "precoLitro": 5.24,
        "comboio": "Posto de Combustível",
        "sequencia": 100,
        "idEvento": "A-202509-000100"
      },
      {
        "data": "2025-09-13",
        "hora": "10:03:00",
        "km": 45927.0,
        "litros": 14.44,
        "hr": 0.0,
        "precoLitro": 5.24,
        "comboio": "Posto de Combustível",
        "sequencia": 101,
        "idEvento": "A-202509-000101"
      }
    ],
    "20010063": [
      {
        "data": "2025-09-01",
        "hora": "10:12:00",
        "km": 39624.0,
        "litros": 12.36,
        "hr": 0.0,
        "precoLitro": 5.24,
        "comboio": "Posto de Combustível",
        "sequencia": 102,
        "idEvento": "A-202509-000102"
      },
      {
        "data": "2025-09-02",
        "hora": "10:21:00",
        "km": 39724.0,
        "litros": 10.81,
        "hr": 0.0,
        "precoLitro": 5.24,
        "comboio": "Posto de Combustível",
        "sequencia": 103,
        "idEvento": "A-202509-000103"
      },
      {
        "data": "2025-09-03",
        "hora": "10:29:00",
        "km": 39756.0,
        "litros": 5.28,
        "hr": 0.0,
        "precoLitro": 5.24,
        "comboio": "Posto de Combustível",
        "sequencia": 104,
        "idEvento": "A-202509-000104"
      },
      {
        "data": "2025-09-04",
        "hora": "10:45:00",
        "km": 39817.0,
        "litros": 11.02,
        "hr": 0.0,
        "precoLitro": 5.24,
        "comboio": "Posto de Combustível",
        "sequencia": 105,
        "idEvento": "A-202509-000105"
      },
      {
        "data": "2025-09-04",
        "hora": "16:42:00",
        "km": 39900.0,
        "litros": 8.49,
        "hr": 0.0,
        "precoLitro": 5.24,
        "comboio": "Posto de Combustível",
        "sequencia": 106,
        "idEvento": "A-202509-000106"
      },
      {
        "data": "2025-09-05",
        "hora": "16:14:00",
        "km": 39997.0,
        "litros": 12.58,
        "hr": 0.0,
        "precoLitro": 5.24,
        "comboio": "Posto de Combustível",
        "sequencia": 107,
        "idEvento": "A-202509-000107"
      },
      {
        "data": "2025-09-08",
        "hora": "15:17:00",
        "km": 40114.0,
        "litros": 14.36,
        "hr": 0.0,
        "precoLitro": 5.24,
        "comboio": "Posto de Combustível",
        "sequencia": 108,
        "idEvento": "A-202509-000108"
      },
      {
        "data": "2025-09-09",
        "hora": "15:36:00",
        "km": 40209.0,
        "litros": 12.64,
        "hr": 0.0,
        "precoLitro": 5.24,
        "comboio": "Posto de Combustível",
        "sequencia": 109,
        "idEvento": "A-202509-000109"
      },
      {
        "data": "2025-09-11",
        "hora": "10:02:00",
        "km": 40451.0,
        "litros": 22.11,
        "hr": 0.0,
        "precoLitro": 5.24,
        "comboio": "Posto de Combustível",
        "sequencia": 110,
        "idEvento": "A-202509-000110"
      },
      {
        "data": "2025-09-12",
        "hora": "09:07:00",
        "km": 40593.0,
        "litros": 15.68,
        "hr": 0.0,
        "precoLitro": 5.24,
        "comboio": "Posto de Combustível",
        "sequencia": 111,
        "idEvento": "A-202509-000111"
      },
      {
        "data": "2025-09-12",
        "hora": "14:29:00",
        "km": 40672.0,
        "litros": 8.9,
        "hr": 0.0,
        "precoLitro": 5.24,
        "comboio": "Posto de Combustível",
        "sequencia": 112,
        "idEvento": "A-202509-000112"
      }
    ],
    "20010064": [
      {
        "data": "2025-09-03",
        "hora": "09:02:00",
        "km": 1458.0,
        "litros": 25.02,
        "hr": 0.0,
        "precoLitro": 5.24,
        "comboio": "Posto de Combustível",
        "sequencia": 113,
        "idEvento": "A-202509-000113"
      },
      {
        "data": "2025-09-04",
        "hora": "09:22:00",
        "km": 1816.0,
        "litros": 34.23,
        "hr": 0.0,
        "precoLitro": 5.24,
        "comboio": "Posto de Combustível",
        "sequencia": 114,
        "idEvento": "A-202509-000114"
      },
      {
        "data": "2025-09-05",
        "hora": "08:34:00",
        "km": 2143.0,
        "litros": 38.04,
        "hr": 0.0,
        "precoLitro": 5.24,
        "comboio": "Posto de Combustível",
        "sequencia": 115,
        "idEvento": "A-202509-000115"
      },
      {
        "data": "2025-09-08",
        "hora": "15:53:00",
        "km": 2623.0,
        "litros": 45.08,
        "hr": 0.0,
        "precoLitro": 5.24,
        "comboio": "Posto de Combustível",
        "sequencia": 116,
        "idEvento": "A-202509-000116"
      },
      {
        "data": "2025-09-09",
        "hora": "15:29:00",
        "km": 3067.0,
        "litros": 41.0,
        "hr": 0.0,
        "precoLitro": 5.24,
        "comboio": "Posto de Combustível",
        "sequencia": 117,
        "idEvento": "A-202509-000117"
      },
      {
        "data": "2025-09-11",
        "hora": "16:39:00",
        "km": 3470.0,
        "litros": 40.05,
        "hr": 0.0,
        "precoLitro": 5.24,
        "comboio": "Posto de Combustível",
        "sequencia": 118,
        "idEvento": "A-202509-000118"
      }
    ],
    "20010065": [
      {
        "data": "2025-09-02",
        "hora": "16:35:00",
        "km": 888.0,
        "litros": 47.61,
        "hr": 0.0,
        "precoLitro": 5.24,
        "comboio": "Posto de Combustível",
        "sequencia": 119,
        "idEvento": "A-202509-000119"
      },
      {
        "data": "2025-09-05",
        "hora": "10:04:00",
        "km": 1262.0,
        "litros": 39.0,
        "hr": 0.0,
        "precoLitro": 5.24,
        "comboio": "Posto de Combustível",
        "sequencia": 120,
        "idEvento": "A-202509-000120"
      },
      {
        "data": "2025-09-06",
        "hora": "16:57:00",
        "km": 1756.0,
        "litros": 45.85,
        "hr": 0.0,
        "precoLitro": 5.24,
        "comboio": "Posto de Combustível",
        "sequencia": 121,
        "idEvento": "A-202509-000121"
      },
      {
        "data": "2025-09-08",
        "hora": "16:41:00",
        "km": 1981.0,
        "litros": 30.0,
        "hr": 0.0,
        "precoLitro": 5.24,
        "comboio": "Posto de Combustível",
        "sequencia": 122,
        "idEvento": "A-202509-000122"
      },
      {
        "data": "2025-09-13",
        "hora": "08:41:00",
        "km": 2176.0,
        "litros": 24.0,
        "hr": 0.0,
        "precoLitro": 5.24,
        "comboio": "Posto de Combustível",
        "sequencia": 123,
        "idEvento": "A-202509-000123"
      }
    ],
    "20010066": [
      {
        "data": "2025-09-04",
        "hora": "16:41:00",
        "km": 236.0,
        "litros": 24.98,
        "hr": 0.0,
        "precoLitro": 5.24,
        "comboio": "Posto de Combustível",
        "sequencia": 124,
        "idEvento": "A-202509-000124"
      },
      {
        "data": "2025-09-12",
        "hora": "09:24:00",
        "km": 504.0,
        "litros": 30.54,
        "hr": 0.0,
        "precoLitro": 5.24,
        "comboio": "Posto de Combustível",
        "sequencia": 125,
        "idEvento": "A-202509-000125"
      }
    ],
    "20010067": [
      {
        "data": "2025-09-04",
        "hora": "16:36:00",
        "km": 232.0,
        "litros": 24.5,
        "hr": 0.0,
        "precoLitro": 5.24,
        "comboio": "Posto de Combustível",
        "sequencia": 126,
        "idEvento": "A-202509-000126"
      },
      {
        "data": "2025-09-12",
        "hora": "14:29:00",
        "km": 484.0,
        "litros": 28.3,
        "hr": 0.0,
        "precoLitro": 5.24,
        "comboio": "Posto de Combustível",
        "sequencia": 127,
        "idEvento": "A-202509-000127"
      }
    ],
    "20010068": [
      {
        "data": "2025-09-13",
        "hora": "10:08:00",
        "km": 18744.0,
        "litros": 43.9,
        "hr": 0.0,
        "precoLitro": 5.24,
        "comboio": "Posto de Combustível",
        "sequencia": 128,
        "idEvento": "A-202509-000128"
      }
    ],
    "20010100": [
      {
        "data": "2025-09-01",
        "hora": "13:31:00",
        "km": 302525.0,
        "litros": 56.31,
        "hr": 0.0,
        "precoLitro": 5.24,
        "comboio": "Posto de Combustível",
        "sequencia": 129,
        "idEvento": "A-202509-000129"
      },
      {
        "data": "2025-09-03",
        "hora": "08:14:00",
        "km": 302683.0,
        "litros": 61.54,
        "hr": 0.0,
        "precoLitro": 5.24,
        "comboio": "Posto de Combustível",
        "sequencia": 130,
        "idEvento": "A-202509-000130"
      },
      {
        "data": "2025-09-05",
        "hora": "08:29:00",
        "km": 302884.0,
        "litros": 70.97,
        "hr": 0.0,
        "precoLitro": 5.24,
        "comboio": "Posto de Combustível",
        "sequencia": 131,
        "idEvento": "A-202509-000131"
      },
      {
        "data": "2025-09-08",
        "hora": "15:55:00",
        "km": 302994.0,
        "litros": 40.17,
        "hr": 0.0,
        "precoLitro": 5.24,
        "comboio": "Posto de Combustível",
        "sequencia": 132,
        "idEvento": "A-202509-000132"
      },
      {
        "data": "2025-09-11",
        "hora": "13:10:00",
        "km": 303158.0,
        "litros": 64.15,
        "hr": 0.0,
        "precoLitro": 5.24,
        "comboio": "Posto de Combustível",
        "sequencia": 133,
        "idEvento": "A-202509-000133"
      },
      {
        "data": "2025-09-12",
        "hora": "10:03:00",
        "km": 303269.0,
        "litros": 37.94,
        "hr": 0.0,
        "precoLitro": 5.24,
        "comboio": "Posto de Combustível",
        "sequencia": 134,
        "idEvento": "A-202509-000134"
      },
      {
        "data": "2025-09-13",
        "hora": "08:42:00",
        "km": 303420.0,
        "litros": 38.2,
        "hr": 0.0,
        "precoLitro": 5.24,
        "comboio": "Posto de Combustível",
        "sequencia": 135,
        "idEvento": "A-202509-000135"
      }
    ],
    "20010101": [
      {
        "data": "2025-09-11",
        "hora": "16:08:00",
        "km": 803871.0,
        "litros": 78.79,
        "hr": 0.0,
        "precoLitro": 5.24,
        "comboio": "Posto de Combustível",
        "sequencia": 136,
        "idEvento": "A-202509-000136"
      },
      {
        "data": "2025-09-13",
        "hora": "09:58:00",
        "km": 804138.0,
        "litros": 73.53,
        "hr": 0.0,
        "precoLitro": 5.24,
        "comboio": "Posto de Combustível",
        "sequencia": 137,
        "idEvento": "A-202509-000137"
      }
    ]
    
  }
}
<copied from model/localdata/2025/09/abastecimentos.json>